{
  "scene": {
    "name": "Main",
    "objects": [
      {
        "id": "rectangle",
        "name": "Rectangle",
        "components": {
          "transform": {
            "x": 0.0,
            "y": 0.0,
            "z": 0.0,
            "scale": 1.0
          },
          "render": {
            "shape": {
              "type": "rectangle",
              "width": 1.0,
              "height": 1.0
            },
            "color": [
              0.3382353186607361,
              0.23709633946418762,
              0.23709633946418762,
              1.0
            ]
          }
        }
      },
      {
        "id": "3d_cube_1",
        "name": "Cube",
        "components": {
          "transform": {
            "x": 0.05000000074505806,
            "y": 2.3499999046325684,
            "z": 0.0,
            "scale": 1.149999976158142,
            "rotation_x": 1106.8046628422744,
            "rotation_y": 480.73337825382924,
            "rotation_z": 402.47442769806145
          },
          "render": {
            "shape": {
              "type": "cube",
              "size": 1.0
            },
            "color": [
              0.9019607901573181,
              0.008842779323458672,
              0.008842779323458672,
              1.0
            ],
            "is_3d": true
          },
          "rotation": {
            "speed_x": 4.949999809265137,
            "speed_y": 2.1500000953674316,
            "speed_z": 1.7999999523162842,
            "enabled": true
          },
          "script": {
            "scripts": [
              "move.py"
            ]
          }
        }
      },
      {
        "id": "circle_2",
        "name": "Circle",
        "components": {
          "transform": {
            "x": -1.649999976158142,
            "y": 0.0,
            "z": 0.0,
            "scale": 1.0,
            "rotation_x": 23.288922905321133,
            "rotation_y": 7.2060075999999995,
            "rotation_z": 0.0
          },
          "render": {
            "shape": {
              "type": "circle",
              "radius": 0.5,
              "segments": 32
            },
            "color": [
              0.8088235259056091,
              0.7295271158218384,
              0.7295271158218384,
              1.0
            ]
          },
          "rotation": {
            "speed_x": 6.550000190734863,
            "speed_y": 1.0,
            "speed_z": 0.0,
            "enabled": false
          }
        }
      },
      {
        "id": "cube_3",
        "name": "Cube",
        "components": {
          "transform": {
            "x": -0.6000000238418579,
            "y": -1.7000000476837158,
            "z": 0.0,
            "scale": 1.0,
            "rotation_x": 355.9165864163761,
            "rotation_y": 250.04751563118054,
            "rotation_z": 0.0
          },
          "render": {
            "shape": {
              "type": "cube",
              "size": 1.0
            },
            "color": [
              0.7,
              0.7,
              0.7,
              1.0
            ]
          },
          "rotation": {
            "speed_x": 2.5,
            "speed_y": 1.5499999523162842,
            "speed_z": 0.0,
            "enabled": true
          }
        }
      }
    ]
  }
}